<?xml version="1.0" encoding="UTF-8"?><?xml-stylesheet type='text/xsl' href='_UpgradeReport_Files/UpgradeReport.xslt'?><UpgradeLog>
<Properties><Property Name="Solution" Value="TextProgressCtrl_Demo">
</Property><Property Name="解决方案文件" Value="E:\C++\MFC\功能模块\textprogressctrl_demo\TextProgressCtrl_Demo.sln">
</Property><Property Name="Date" Value="2017年7月28日">
</Property><Property Name="Time" Value="14:51:35">
</Property></Properties><Event ErrorLevel="0" Project="TextProgressCtrl_Demo" Source="TextProgressCtrl_Demo.vcproj" Description="Converting project file 'E:\C++\MFC\功能模块\textprogressctrl_demo\TextProgressCtrl_Demo.vcproj'.">
</Event><Event ErrorLevel="1" Project="TextProgressCtrl_Demo" Source="TextProgressCtrl_Demo.vcproj" Description="This application has been updated to include settings related to the User Account Control (UAC) feature of Windows Vista. By default, when run on Windows Vista with UAC enabled, this application is marked to run with the same privileges as the process that launched it. This marking also disables the application from running with virtualization. You can change UAC related settings from the Property Pages of the project.">
</Event><Event ErrorLevel="1" Project="TextProgressCtrl_Demo" Source="TextProgressCtrl_Demo.vcproj" Description="VCWebServiceProxyGeneratorTool is no longer supported. The tool has been removed from your project settings.">
</Event><Event ErrorLevel="1" Project="TextProgressCtrl_Demo" Source="TextProgressCtrl_Demo.vcproj" Description="Attribute 'Detect64BitPortabilityProblems' of 'VCCLCompilerTool' is not supported in this version and has been removed during conversion.">
</Event><Event ErrorLevel="0" Project="TextProgressCtrl_Demo" Source="TextProgressCtrl_Demo.vcproj" Description="Web deployment to the local IIS server is no longer supported. The Web Deployment build tool has been removed from your project settings.">
</Event><Event ErrorLevel="1" Project="TextProgressCtrl_Demo" Source="TextProgressCtrl_Demo.vcproj" Description="Attribute 'Detect64BitPortabilityProblems' of 'VCCLCompilerTool' is not supported in this version and has been removed during conversion.">
</Event><Event ErrorLevel="0" Project="TextProgressCtrl_Demo" Source="TextProgressCtrl_Demo.vcproj" Description="Done converting to new project file 'E:\C++\MFC\功能模块\textprogressctrl_demo\TextProgressCtrl_Demo.vcxproj'.">
</Event><Event ErrorLevel="3" Project="TextProgressCtrl_Demo" Source="TextProgressCtrl_Demo.vcproj" Description="Converted">
</Event></UpgradeLog>